S.No.;Address;City;State;Postcode;Country
1;146101234;;;;USA
2;9580 NW 147TH ST LAKE BUTLER FL 32054-4187;;;;USA
3;17500 W CARDINAL DR Goodyear 85338;;;;USA
4;100 BROADWAY SLEEPY HOLLOW NY 10591;;;;USA
5;GEARY AND VAN NESS SAN FRANCISCO CA;;;;USA
6;125 N EMPORIA 200 WICHITA KS 67202;;;;USA
7;TERMINAL KEDATANGAN D;JAKARTA;;;IDN
8;KIIC KARAWANG JL. PERMATA RAYA BLOK DD-1 KARAWANG CP RAHMA 0818927382;JAKARTA;JAKARTA RAYA;27382;IDN
9;BANY QUBAY GAS STATION;BISHAH;SOUTHERN;11495;SAU
10;FAWZI MOISHER GAS STN.;AL JAWF;MADINA;11495;SAU
11;NO.161 JHONGSHAN RD. HUALIEN CITY HUALIEN COUNTY;HUA-LIEN;HUA-LIEN;81254;TWN
12;RUE LOUIS-DE-MONTFALCON 2BIS;CAROUGE;8;1227;CHE
13;PO BOX 1HUNTE;LOANHEAD;MIDLOTHIAN;EH209SP;GBR
14;Töresjövägen 12;Älta;;;SWE
15;13 Zarchin;Raanana;;;ISR
16;2016 CIS M HAMILTON ON "";;;;CAN
17;85 CAVENDISH STREET NUNDAH QLD 4012;;;;AUS
18;85 CAVENDISH STREET NUNDAH QLD 4012;;;;AU
19;100 S BROADWAY SLEEPY HOLLOW NY 10591;;;;USA
20;100 S BROADWAY SLEEPY HOLLOW NY 10591;;;;US
21;00000 Neu Ri Ge Ge NEU RI GE GE;;;;KOR
22;10 anson rd singapore 79903;;;;SGP
23;Taunusstra?e 44;Frankfurt;;8348697940DE;DEU
24;ZONE ORLYTECH BATIMENT 516 PARAY VIEILLE POSTE 91550;;;;FRA